{"cameraMode":{"drawMode":0,"name":"Shaded","section":"Shading Mode"},"sceneLighting":false,"audioPlay":false,"sceneViewState":{"m_AlwaysRefresh":false,"showFog":true,"showSkybox":false,"showFlares":true,"showImageEffects":true,"showParticleSystems":true,"showVisualEffectGraphs":true,"m_FxEnabled":true},"in2DMode":false,"pivot":{"x":12.406167984008789,"y":0.05000019073486328,"z":9.804542541503907},"rotation":{"x":-0.024066008627414705,"y":-0.9584886431694031,"z":0.27117007970809939,"w":-0.08505745977163315},"size":1.9986658096313477,"orthographic":false}